{
    "total": 1,
    "page": 1,
    "records": 25,
    "rows": [
        ["Val1    ", "0.000000", "0.72315000", "0.000000"],
        ["Val12    ", "0.000000", "1.10288000", "0.000000"],
        ["Val13    ", "0.000000", "1.41479000", "0.000000"],
        ["Val14    ", "-0.000020", "0.67097000", "-0.000020"],
        ["Val15    ", "0.000000", "3.67278000", "0.000000"],
        ["Val16    ", "0.000120", "1.37037000", "0.000020"],
        ["Val17    ", "0.000000", "0.99843000", "0.000000"],
        ["Val18    ", "0.000000", "24.53100000", "0.000000"],
        ["Val19    ", "0.000000", "6.76500000", "0.000000"],
        ["Val23    ", "0.000000", "7.77250000", "0.000000"]
    ]
}